type,id,project_added
link,7902,Grid_Cache_ 600EConnector
link,7903,Grid_Cache_ 600EConnector
node,5011,Grid_Cache_SR218-SR23
node,5013,Grid_Cache_SR218-SR23
link,7904,Grid_Cache_SR218-SR23
link,7905,Grid_Cache_SR218-SR23
link,7906,Grid_Cache_SR218-SR23
link,7907,Grid_Cache_SR218-SR23
link,7908,Grid_Cache_SR218-SR23
link,7909,Grid_Cache_SR218-SR23
link,7910,Grid_Cache_SR218-SR23
link,7911,Grid_Cache_SR218-SR23
link,7912,Grid_Cache_SR218-SR23
link,7913,Grid_Cache_SR218-SR23
node,5030,Grid_Cache_4400N
node,5031,Grid_Cache_4400N
node,5032,Grid_Cache_4400N
link,7914,Grid_Cache_4400N
link,7915,Grid_Cache_4400N
link,7916,Grid_Cache_4400N
link,7917,Grid_Cache_4400N
link,7918,Grid_Cache_4400N
link,7919,Grid_Cache_4400N
link,7920,Grid_Cache_4400N
link,7921,Grid_Cache_4400N
link,7922,Grid_Cache_4400N
link,7923,Grid_Cache_4400N
link,7924,Grid_Cache_4400N
link,7925,Grid_Cache_4400N
link,7926,Grid_Cache_4400N
link,7927,Grid_Cache_4400N
node,5020,Grid_Cache_2000N
node,5021,Grid_Cache_2000N
node,5022,Grid_Cache_2000N
node,5023,Grid_Cache_2000N
link,7928,Grid_Cache_2000N
link,7929,Grid_Cache_2000N
link,7930,Grid_Cache_2000N
link,7931,Grid_Cache_2000N
link,7932,Grid_Cache_2000N
link,7933,Grid_Cache_2000N
link,7934,Grid_Cache_2000N
link,7935,Grid_Cache_2000N
link,7936,Grid_Cache_2000N
link,7937,Grid_Cache_2000N
link,7938,Grid_Cache_2000N
link,7939,Grid_Cache_2000N
link,7940,Grid_Cache_2000N
link,7941,Grid_Cache_2000N
link,7942,Grid_Cache_2000N
link,7943,Grid_Cache_2000N
node,5005,Grid_Cache_ ParadisetoDryLakeConnector
node,5006,Grid_Cache_ ParadisetoDryLakeConnector
node,5007,Grid_Cache_ ParadisetoDryLakeConnector
node,5008,Grid_Cache_ ParadisetoDryLakeConnector
link,7944,Grid_Cache_ ParadisetoDryLakeConnector
link,7945,Grid_Cache_ ParadisetoDryLakeConnector
link,7946,Grid_Cache_ ParadisetoDryLakeConnector
link,7947,Grid_Cache_ ParadisetoDryLakeConnector
link,7948,Grid_Cache_ ParadisetoDryLakeConnector
link,7949,Grid_Cache_ ParadisetoDryLakeConnector
link,7950,Grid_Cache_ ParadisetoDryLakeConnector
link,7951,Grid_Cache_ ParadisetoDryLakeConnector
link,7952,Grid_Cache_ ParadisetoDryLakeConnector
link,7953,Grid_Cache_ ParadisetoDryLakeConnector
link,7954,Grid_Cache_ ParadisetoDryLakeConnector
link,7955,Grid_Cache_ ParadisetoDryLakeConnector
node,5025,Grid_Cache_455 East Connector
node,5026,Grid_Cache_455 East Connector
node,5027,Grid_Cache_455 East Connector
link,7956,Grid_Cache_455 East Connector
link,7957,Grid_Cache_455 East Connector
link,7958,Grid_Cache_455 East Connector
link,7959,Grid_Cache_455 East Connector
link,7960,Grid_Cache_455 East Connector
link,7961,Grid_Cache_455 East Connector
link,7962,Grid_Cache_455 East Connector
link,7963,Grid_Cache_455 East Connector
node,5272,Grid_Cache_ 200 E to Smithfield (Alt 2) - BL
link,7964,Grid_Cache_ 200 E to Smithfield (Alt 2) - BL
link,7965,Grid_Cache_ 200 E to Smithfield (Alt 2) - BL
node,5270,Grid_Cache_ 200 E to Smithfield (Alt 2)
node,5271,Grid_Cache_ 200 E to Smithfield (Alt 2)
node,5273,Grid_Cache_ 200 E to Smithfield (Alt 2)
link,7966,Grid_Cache_ 200 E to Smithfield (Alt 2)
link,7967,Grid_Cache_ 200 E to Smithfield (Alt 2)
link,7968,Grid_Cache_ 200 E to Smithfield (Alt 2)
link,7969,Grid_Cache_ 200 E to Smithfield (Alt 2)
link,7970,Grid_Cache_ 200 E to Smithfield (Alt 2)
link,7971,Grid_Cache_ 200 E to Smithfield (Alt 2)
link,7972,Grid_Cache_ 200 E to Smithfield (Alt 2)
link,7973,Grid_Cache_ 200 E to Smithfield (Alt 2)
link,7974,Grid_Cache_ 200 E to Smithfield (Alt 2)
link,7975,Grid_Cache_ 200 E to Smithfield (Alt 2)
link,7976,Grid_Cache_ 200 E to Smithfield (Alt 2)
link,7977,Grid_Cache_ 200 E to Smithfield (Alt 2)
link,7978,Grid_Cache_ 200 E to Smithfield (Alt 2)
link,7979,Grid_Cache_ 200 E to Smithfield (Alt 2)
node,5040,Grid_Cache_ C66_350E
node,5041,Grid_Cache_ C66_350E
node,5042,Grid_Cache_ C66_350E
link,7980,Grid_Cache_ C66_350E
link,7981,Grid_Cache_ C66_350E
link,7982,Grid_Cache_ C66_350E
link,7983,Grid_Cache_ C66_350E
link,7984,Grid_Cache_ C66_350E
link,7985,Grid_Cache_ C66_350E
link,7986,Grid_Cache_ C66_350E
link,7987,Grid_Cache_ C66_350E
link,7988,Grid_Cache_ C66_350E
link,7989,Grid_Cache_ C66_350E
link,7990,Grid_Cache_ C66_350E
link,7991,Grid_Cache_ C66_350E
link,7992,Grid_Cache_ C66_350E
link,7993,Grid_Cache_ C66_350E
link,7994,Grid_Cache_ C66_350E
link,7995,Grid_Cache_ C66_350E
